PRODUCTO,COLUMNA,DESCRIPCION,TIPO_DATO,LONGITUD,COD_VALIDO
Balanza Comercial de Mercancías de México por países y zonas geográficas según tipo de bien.,PROD_EST,"Nombre del proyecto estadístico al que pertenecen los datos, en este caso aplica la denominación Balanza Comercial de Mercancías de México",varchar,250,
Balanza Comercial de Mercancías de México por países y zonas geográficas según tipo de bien.,COBERTURA,Área geográfica a la que están referidos los indicadores estadísticos,varchar,30,
Balanza Comercial de Mercancías de México por países y zonas geográficas según tipo de bien.,ANIO,Año de referencia de la información,varchar,4,2015-2026
Balanza Comercial de Mercancías de México por países y zonas geográficas según tipo de bien.,MES,Identificador del mes o meses de referencia de la información,varchar,5,
Balanza Comercial de Mercancías de México por países y zonas geográficas según tipo de bien.,TIPO,"Leyenda que identifica al tipo de operación comercial registrada, es decir importaciones o exportaciones",varchar,30,
Balanza Comercial de Mercancías de México por países y zonas geográficas según tipo de bien.,TIPO_BIEN,"Tipo de bien designado a la mercancía objeto de comercio exterior. Puede ser consumo, intermedio o capital",varchar,10,
Balanza Comercial de Mercancías de México por países y zonas geográficas según tipo de bien.,CLAVE_CONTINENTE,Clave del continente geográfico al que pertenece el país de origen o destino de la mercancía objeto de comercio exterior,varchar,3,
Balanza Comercial de Mercancías de México por países y zonas geográficas según tipo de bien.,CLAVE_REGION,Clave de la zona o región geográfica al que pertenece el país de origen o destino de la mercancía objeto de comercio exterior,varchar,3,
Balanza Comercial de Mercancías de México por países y zonas geográficas según tipo de bien.,PAIS_O_D,"Clave ISO-ALPHA 3 del país de origen para la importación o destino en el caso de exportación, con base en el Apéndice 4 del Anexo 22 de las Reglas Generales de Comercio Exterior",varchar,3,
Balanza Comercial de Mercancías de México por países y zonas geográficas según tipo de bien.,VAL_USD,"Es el valor de venta expresado en miles de dólares estadounidenses de las mercancías valoradas en término FOB (Free on Board), es el valor de transacción de los bienes, que excluye el costo del seguro y el flete con el que se trasladan las mercancías del país exportador hacia el país importador, cuando se incluya en el concepto CIF (Cost, Insurance and Freight), será el valor de transacción de los bienes, el cual incluye el costo de los bienes, el seguro y el flete del transporte para la entrega desde la frontera del país exportador hasta la frontera del país importador.",number,24.3,
Balanza Comercial de Mercancías de México por países y zonas geográficas según tipo de bien.,ESTATUS_CIFRA,Estatus de la cifra en la que se encuentra el registro puede ser Disponible o Confidencial,varchar,19,"Disponible, Confidencial"
Balanza Comercial de Mercancías de México por países y zonas geográficas según tipo de bien.,ESTATUS,Estatus de las cifras conforme a los Lineamientos de Cambios a la información divulgada en las publicaciones estadísticas y geográficas del INEGI,varchar,18,"Cifras Definitivas, Cifras Preliminares, Cifras Revisadas"
