PROD_EST,COBERTURA,TIPO,ANIO,MES,CONCEPTO,VAL_USD,ESTATUS
Balanza Comercial de Mercancías de México,Nacional,Exportaciones,2026,01,Exportaciones Totales,47808.828,Cifras Revisadas
Balanza Comercial de Mercancías de México,Nacional,Exportaciones,2026,01,Petroleras,1128.338,Cifras Revisadas
Balanza Comercial de Mercancías de México,Nacional,Exportaciones,2026,01,Petróleo Crudo,625.907,Cifras Revisadas
Balanza Comercial de Mercancías de México,Nacional,Exportaciones,2026,01,Otras petroleras,502.431,Cifras Revisadas
Balanza Comercial de Mercancías de México,Nacional,Exportaciones,2026,01,No Petroleras,46680.49,Cifras Revisadas
Balanza Comercial de Mercancías de México,Nacional,Exportaciones,2026,01,Agropecuarias,1668.104,Cifras Revisadas
Balanza Comercial de Mercancías de México,Nacional,Exportaciones,2026,01,Extractivas,1531.463,Cifras Revisadas
Balanza Comercial de Mercancías de México,Nacional,Exportaciones,2026,01,Manufactureras,43480.923,Cifras Revisadas
Balanza Comercial de Mercancías de México,Nacional,Importaciones,2026,01,Importaciones Totales,54487.473,Cifras Revisadas
Balanza Comercial de Mercancías de México,Nacional,Importaciones,2026,01,Fletes y seguros de las importaciones,1590.59,Cifras Revisadas
Balanza Comercial de Mercancías de México,Nacional,Importaciones,2026,01,Importaciones Totales CIF (Importaciones Totales + Fletes y seguros de las importaciones),56078.063,Cifras Revisadas
Balanza Comercial de Mercancías de México,Nacional,Importaciones,2026,01,Petroleras,3324.729,Cifras Revisadas
Balanza Comercial de Mercancías de México,Nacional,Importaciones,2026,01,No Petroleras,51162.744,Cifras Revisadas
Balanza Comercial de Mercancías de México,Nacional,Importaciones,2026,01,Bienes de Consumo,6987.86,Cifras Revisadas
Balanza Comercial de Mercancías de México,Nacional,Importaciones,2026,01,Bienes Intermedios,43121.101,Cifras Revisadas
Balanza Comercial de Mercancías de México,Nacional,Importaciones,2026,01,Bienes de Capital,4378.512,Cifras Revisadas
Balanza Comercial de Mercancías de México,Nacional,No aplica,2026,01,Balanza Comercial Total Exportaciones Totales - Importaciones Totales,-6678.645,Cifras Revisadas
Balanza Comercial de Mercancías de México,Nacional,No aplica,2026,01,Balanza Comercial Total Exportaciones Totales - Importaciones Totales CIF,-8269.235,Cifras Revisadas
Balanza Comercial de Mercancías de México,Nacional,Exportaciones,2026,02,Exportaciones Totales,57173.66,Cifras Revisadas
Balanza Comercial de Mercancías de México,Nacional,Exportaciones,2026,02,Petroleras,1610.305,Cifras Revisadas
Balanza Comercial de Mercancías de México,Nacional,Exportaciones,2026,02,Petróleo Crudo,1110.456,Cifras Revisadas
Balanza Comercial de Mercancías de México,Nacional,Exportaciones,2026,02,Otras petroleras,499.849,Cifras Revisadas
Balanza Comercial de Mercancías de México,Nacional,Exportaciones,2026,02,No Petroleras,55563.355,Cifras Revisadas
Balanza Comercial de Mercancías de México,Nacional,Exportaciones,2026,02,Agropecuarias,1955.051,Cifras Revisadas
Balanza Comercial de Mercancías de México,Nacional,Exportaciones,2026,02,Extractivas,1809.779,Cifras Revisadas
Balanza Comercial de Mercancías de México,Nacional,Exportaciones,2026,02,Manufactureras,51798.525,Cifras Revisadas
Balanza Comercial de Mercancías de México,Nacional,Importaciones,2026,02,Importaciones Totales,57313.897,Cifras Revisadas
Balanza Comercial de Mercancías de México,Nacional,Importaciones,2026,02,Fletes y seguros de las importaciones,1536.578,Cifras Revisadas
Balanza Comercial de Mercancías de México,Nacional,Importaciones,2026,02,Importaciones Totales CIF (Importaciones Totales + Fletes y seguros de las importaciones),58850.475,Cifras Revisadas
Balanza Comercial de Mercancías de México,Nacional,Importaciones,2026,02,Petroleras,3495.893,Cifras Revisadas
Balanza Comercial de Mercancías de México,Nacional,Importaciones,2026,02,No Petroleras,53818.004,Cifras Revisadas
Balanza Comercial de Mercancías de México,Nacional,Importaciones,2026,02,Bienes de Consumo,7052.168,Cifras Revisadas
Balanza Comercial de Mercancías de México,Nacional,Importaciones,2026,02,Bienes Intermedios,46241.718,Cifras Revisadas
Balanza Comercial de Mercancías de México,Nacional,Importaciones,2026,02,Bienes de Capital,4020.011,Cifras Revisadas
Balanza Comercial de Mercancías de México,Nacional,No aplica,2026,02,Balanza Comercial Total Exportaciones Totales - Importaciones Totales,-140.237,Cifras Revisadas
Balanza Comercial de Mercancías de México,Nacional,No aplica,2026,02,Balanza Comercial Total Exportaciones Totales - Importaciones Totales CIF,-1676.815,Cifras Revisadas
Balanza Comercial de Mercancías de México,Nacional,Exportaciones,2026,03,Exportaciones Totales,70922.383,Cifras Revisadas
Balanza Comercial de Mercancías de México,Nacional,Exportaciones,2026,03,Petroleras,1793.502,Cifras Revisadas
Balanza Comercial de Mercancías de México,Nacional,Exportaciones,2026,03,Petróleo Crudo,1376.474,Cifras Revisadas
Balanza Comercial de Mercancías de México,Nacional,Exportaciones,2026,03,Otras petroleras,417.028,Cifras Revisadas
Balanza Comercial de Mercancías de México,Nacional,Exportaciones,2026,03,No Petroleras,69128.881,Cifras Revisadas
Balanza Comercial de Mercancías de México,Nacional,Exportaciones,2026,03,Agropecuarias,2342.047,Cifras Revisadas
Balanza Comercial de Mercancías de México,Nacional,Exportaciones,2026,03,Extractivas,2078.499,Cifras Revisadas
Balanza Comercial de Mercancías de México,Nacional,Exportaciones,2026,03,Manufactureras,64708.336,Cifras Revisadas
Balanza Comercial de Mercancías de México,Nacional,Importaciones,2026,03,Importaciones Totales,64795.021,Cifras Revisadas
Balanza Comercial de Mercancías de México,Nacional,Importaciones,2026,03,Fletes y seguros de las importaciones,1729.764,Cifras Revisadas
Balanza Comercial de Mercancías de México,Nacional,Importaciones,2026,03,Importaciones Totales CIF (Importaciones Totales + Fletes y seguros de las importaciones),66524.785,Cifras Revisadas
Balanza Comercial de Mercancías de México,Nacional,Importaciones,2026,03,Petroleras,4094.842,Cifras Revisadas
Balanza Comercial de Mercancías de México,Nacional,Importaciones,2026,03,No Petroleras,60700.178,Cifras Revisadas
Balanza Comercial de Mercancías de México,Nacional,Importaciones,2026,03,Bienes de Consumo,8420.602,Cifras Revisadas
Balanza Comercial de Mercancías de México,Nacional,Importaciones,2026,03,Bienes Intermedios,51404.107,Cifras Revisadas
Balanza Comercial de Mercancías de México,Nacional,Importaciones,2026,03,Bienes de Capital,4970.312,Cifras Revisadas
Balanza Comercial de Mercancías de México,Nacional,No aplica,2026,03,Balanza Comercial Total Exportaciones Totales - Importaciones Totales,6127.363,Cifras Revisadas
Balanza Comercial de Mercancías de México,Nacional,No aplica,2026,03,Balanza Comercial Total Exportaciones Totales - Importaciones Totales CIF,4397.598,Cifras Revisadas
Balanza Comercial de Mercancías de México,Nacional,Exportaciones,2026,04,Exportaciones Totales,72073.48,Cifras Revisadas
Balanza Comercial de Mercancías de México,Nacional,Exportaciones,2026,04,Petroleras,1965.889,Cifras Revisadas
Balanza Comercial de Mercancías de México,Nacional,Exportaciones,2026,04,Petróleo Crudo,1281.784,Cifras Revisadas
Balanza Comercial de Mercancías de México,Nacional,Exportaciones,2026,04,Otras petroleras,684.105,Cifras Revisadas
Balanza Comercial de Mercancías de México,Nacional,Exportaciones,2026,04,No Petroleras,70107.59,Cifras Revisadas
Balanza Comercial de Mercancías de México,Nacional,Exportaciones,2026,04,Agropecuarias,2339.129,Cifras Revisadas
Balanza Comercial de Mercancías de México,Nacional,Exportaciones,2026,04,Extractivas,2077.995,Cifras Revisadas
Balanza Comercial de Mercancías de México,Nacional,Exportaciones,2026,04,Manufactureras,65690.466,Cifras Revisadas
Balanza Comercial de Mercancías de México,Nacional,Importaciones,2026,04,Importaciones Totales,67521.798,Cifras Revisadas
Balanza Comercial de Mercancías de México,Nacional,Importaciones,2026,04,Fletes y seguros de las importaciones,1773.174,Cifras Revisadas
Balanza Comercial de Mercancías de México,Nacional,Importaciones,2026,04,Importaciones Totales CIF (Importaciones Totales + Fletes y seguros de las importaciones),69294.972,Cifras Revisadas
Balanza Comercial de Mercancías de México,Nacional,Importaciones,2026,04,Petroleras,4742.654,Cifras Revisadas
Balanza Comercial de Mercancías de México,Nacional,Importaciones,2026,04,No Petroleras,62779.143,Cifras Revisadas
Balanza Comercial de Mercancías de México,Nacional,Importaciones,2026,04,Bienes de Consumo,8499.279,Cifras Revisadas
Balanza Comercial de Mercancías de México,Nacional,Importaciones,2026,04,Bienes Intermedios,54228.256,Cifras Revisadas
Balanza Comercial de Mercancías de México,Nacional,Importaciones,2026,04,Bienes de Capital,4794.263,Cifras Revisadas
Balanza Comercial de Mercancías de México,Nacional,No aplica,2026,04,Balanza Comercial Total Exportaciones Totales - Importaciones Totales,4551.682,Cifras Revisadas
Balanza Comercial de Mercancías de México,Nacional,No aplica,2026,04,Balanza Comercial Total Exportaciones Totales - Importaciones Totales CIF,2778.508,Cifras Revisadas
Balanza Comercial de Mercancías de México,Nacional,Exportaciones,2026,05,Exportaciones Totales,69468.128,Cifras Revisadas
Balanza Comercial de Mercancías de México,Nacional,Exportaciones,2026,05,Petroleras,2389.227,Cifras Revisadas
Balanza Comercial de Mercancías de México,Nacional,Exportaciones,2026,05,Petróleo Crudo,1901.617,Cifras Revisadas
Balanza Comercial de Mercancías de México,Nacional,Exportaciones,2026,05,Otras petroleras,487.61,Cifras Revisadas
Balanza Comercial de Mercancías de México,Nacional,Exportaciones,2026,05,No Petroleras,67078.902,Cifras Revisadas
Balanza Comercial de Mercancías de México,Nacional,Exportaciones,2026,05,Agropecuarias,1949.609,Cifras Revisadas
Balanza Comercial de Mercancías de México,Nacional,Exportaciones,2026,05,Extractivas,2134.376,Cifras Revisadas
Balanza Comercial de Mercancías de México,Nacional,Exportaciones,2026,05,Manufactureras,62994.916,Cifras Revisadas
Balanza Comercial de Mercancías de México,Nacional,Importaciones,2026,05,Importaciones Totales,67285.323,Cifras Revisadas
Balanza Comercial de Mercancías de México,Nacional,Importaciones,2026,05,Fletes y seguros de las importaciones,1775.153,Cifras Revisadas
Balanza Comercial de Mercancías de México,Nacional,Importaciones,2026,05,Importaciones Totales CIF (Importaciones Totales + Fletes y seguros de las importaciones),69060.476,Cifras Revisadas
Balanza Comercial de Mercancías de México,Nacional,Importaciones,2026,05,Petroleras,5065.149,Cifras Revisadas
Balanza Comercial de Mercancías de México,Nacional,Importaciones,2026,05,No Petroleras,62220.174,Cifras Revisadas
Balanza Comercial de Mercancías de México,Nacional,Importaciones,2026,05,Bienes de Consumo,8304.791,Cifras Revisadas
Balanza Comercial de Mercancías de México,Nacional,Importaciones,2026,05,Bienes Intermedios,54313.998,Cifras Revisadas
Balanza Comercial de Mercancías de México,Nacional,Importaciones,2026,05,Bienes de Capital,4666.534,Cifras Revisadas
Balanza Comercial de Mercancías de México,Nacional,No aplica,2026,05,Balanza Comercial Total Exportaciones Totales - Importaciones Totales,2182.805,Cifras Revisadas
Balanza Comercial de Mercancías de México,Nacional,No aplica,2026,05,Balanza Comercial Total Exportaciones Totales - Importaciones Totales CIF,407.652,Cifras Revisadas
Balanza Comercial de Mercancías de México,Nacional,Exportaciones,2026,06,Exportaciones Totales,72520.646,Cifras Revisadas
Balanza Comercial de Mercancías de México,Nacional,Exportaciones,2026,06,Petroleras,2091.145,Cifras Revisadas
Balanza Comercial de Mercancías de México,Nacional,Exportaciones,2026,06,Petróleo Crudo,1600.256,Cifras Revisadas
Balanza Comercial de Mercancías de México,Nacional,Exportaciones,2026,06,Otras petroleras,490.89,Cifras Revisadas
Balanza Comercial de Mercancías de México,Nacional,Exportaciones,2026,06,No Petroleras,70429.501,Cifras Revisadas
Balanza Comercial de Mercancías de México,Nacional,Exportaciones,2026,06,Agropecuarias,1626.742,Cifras Revisadas
Balanza Comercial de Mercancías de México,Nacional,Exportaciones,2026,06,Extractivas,1576.99,Cifras Revisadas
Balanza Comercial de Mercancías de México,Nacional,Exportaciones,2026,06,Manufactureras,67225.768,Cifras Revisadas
Balanza Comercial de Mercancías de México,Nacional,Importaciones,2026,06,Importaciones Totales,68461.119,Cifras Revisadas
Balanza Comercial de Mercancías de México,Nacional,Importaciones,2026,06,Fletes y seguros de las importaciones,1817.826,Cifras Revisadas
Balanza Comercial de Mercancías de México,Nacional,Importaciones,2026,06,Importaciones Totales CIF (Importaciones Totales + Fletes y seguros de las importaciones),70278.945,Cifras Revisadas
Balanza Comercial de Mercancías de México,Nacional,Importaciones,2026,06,Petroleras,5487.228,Cifras Revisadas
Balanza Comercial de Mercancías de México,Nacional,Importaciones,2026,06,No Petroleras,62973.891,Cifras Revisadas
Balanza Comercial de Mercancías de México,Nacional,Importaciones,2026,06,Bienes de Consumo,9392.686,Cifras Revisadas
Balanza Comercial de Mercancías de México,Nacional,Importaciones,2026,06,Bienes Intermedios,54239.284,Cifras Revisadas
Balanza Comercial de Mercancías de México,Nacional,Importaciones,2026,06,Bienes de Capital,4829.149,Cifras Revisadas
Balanza Comercial de Mercancías de México,Nacional,No aplica,2026,06,Balanza Comercial Total Exportaciones Totales - Importaciones Totales,4059.527,Cifras Revisadas
Balanza Comercial de Mercancías de México,Nacional,No aplica,2026,06,Balanza Comercial Total Exportaciones Totales - Importaciones Totales CIF,2241.701,Cifras Revisadas
Balanza Comercial de Mercancías de México,Nacional,Exportaciones,2026,07,Exportaciones Totales,81420.015,Cifras Revisadas
Balanza Comercial de Mercancías de México,Nacional,Exportaciones,2026,07,Petroleras,1987.914,Cifras Revisadas
Balanza Comercial de Mercancías de México,Nacional,Exportaciones,2026,07,Petróleo Crudo,1188.398,Cifras Revisadas
Balanza Comercial de Mercancías de México,Nacional,Exportaciones,2026,07,Otras petroleras,799.516,Cifras Revisadas
Balanza Comercial de Mercancías de México,Nacional,Exportaciones,2026,07,No Petroleras,79432.101,Cifras Revisadas
Balanza Comercial de Mercancías de México,Nacional,Exportaciones,2026,07,Agropecuarias,1319.768,Cifras Revisadas
Balanza Comercial de Mercancías de México,Nacional,Exportaciones,2026,07,Extractivas,1806.001,Cifras Revisadas
Balanza Comercial de Mercancías de México,Nacional,Exportaciones,2026,07,Manufactureras,76306.333,Cifras Revisadas
Balanza Comercial de Mercancías de México,Nacional,Importaciones,2026,07,Importaciones Totales,82267.552,Cifras Revisadas
Balanza Comercial de Mercancías de México,Nacional,Importaciones,2026,07,Fletes y seguros de las importaciones,2116.684,Cifras Revisadas
Balanza Comercial de Mercancías de México,Nacional,Importaciones,2026,07,Importaciones Totales CIF (Importaciones Totales + Fletes y seguros de las importaciones),84384.236,Cifras Revisadas
Balanza Comercial de Mercancías de México,Nacional,Importaciones,2026,07,Petroleras,5644.489,Cifras Revisadas
Balanza Comercial de Mercancías de México,Nacional,Importaciones,2026,07,No Petroleras,76623.064,Cifras Revisadas
Balanza Comercial de Mercancías de México,Nacional,Importaciones,2026,07,Bienes de Consumo,9529.354,Cifras Revisadas
Balanza Comercial de Mercancías de México,Nacional,Importaciones,2026,07,Bienes Intermedios,67131.595,Cifras Revisadas
Balanza Comercial de Mercancías de México,Nacional,Importaciones,2026,07,Bienes de Capital,5606.603,Cifras Revisadas
Balanza Comercial de Mercancías de México,Nacional,No aplica,2026,07,Balanza Comercial Total Exportaciones Totales - Importaciones Totales,-847.537,Cifras Revisadas
Balanza Comercial de Mercancías de México,Nacional,No aplica,2026,07,Balanza Comercial Total Exportaciones Totales - Importaciones Totales CIF,-2964.221,Cifras Revisadas
Balanza Comercial de Mercancías de México,Nacional,Exportaciones,2026,08,Exportaciones Totales,78010.452,Cifras Oportunas
Balanza Comercial de Mercancías de México,Nacional,Exportaciones,2026,08,Petroleras,1581.551,Cifras Oportunas
Balanza Comercial de Mercancías de México,Nacional,Exportaciones,2026,08,Petróleo Crudo,827.136,Cifras Oportunas
Balanza Comercial de Mercancías de México,Nacional,Exportaciones,2026,08,Otras petroleras,754.415,Cifras Oportunas
Balanza Comercial de Mercancías de México,Nacional,Exportaciones,2026,08,No Petroleras,76428.901,Cifras Oportunas
Balanza Comercial de Mercancías de México,Nacional,Exportaciones,2026,08,Agropecuarias,1154.471,Cifras Oportunas
Balanza Comercial de Mercancías de México,Nacional,Exportaciones,2026,08,Extractivas,1655.928,Cifras Oportunas
Balanza Comercial de Mercancías de México,Nacional,Exportaciones,2026,08,Manufactureras,73618.503,Cifras Oportunas
Balanza Comercial de Mercancías de México,Nacional,Importaciones,2026,08,Importaciones Totales,77405.093,Cifras Oportunas
Balanza Comercial de Mercancías de México,Nacional,Importaciones,2026,08,Petroleras,5023.017,Cifras Oportunas
Balanza Comercial de Mercancías de México,Nacional,Importaciones,2026,08,No Petroleras,72382.076,Cifras Oportunas
Balanza Comercial de Mercancías de México,Nacional,Importaciones,2026,08,Bienes de Consumo,9131.847,Cifras Oportunas
Balanza Comercial de Mercancías de México,Nacional,Importaciones,2026,08,Bienes Intermedios,63254.919,Cifras Oportunas
Balanza Comercial de Mercancías de México,Nacional,Importaciones,2026,08,Bienes de Capital,5018.327,Cifras Oportunas
Balanza Comercial de Mercancías de México,Nacional,No aplica,2026,08,Balanza Comercial Total,605.359,Cifras Oportunas
